<?xml version="1.0" encoding="UTF-8"?>
<project-private xmlns="http://www.netbeans.org/ns/project-private/1">
    <editor-bookmarks xmlns="http://www.netbeans.org/ns/editor-bookmarks/2" lastBookmarkId="0"/>
    <open-files xmlns="http://www.netbeans.org/ns/projectui-open-files/2">
        <group>
            <file>file:/C:/Users/naufa/Documents/NetBeansProjects/naufal-tes-pbo/src/soalC/utama.java</file>
            <file>file:/C:/Users/naufa/Documents/NetBeansProjects/naufal-tes-pbo/src/buku/buku.java</file>
            <file>file:/C:/Users/naufa/Documents/NetBeansProjects/naufal-tes-pbo/src/buku/BukuFrom.java</file>
            <file>file:/C:/Users/naufa/Documents/NetBeansProjects/naufal-tes-pbo/src/buku/CobaBuku.java</file>
            <file>file:/C:/Users/naufa/Documents/NetBeansProjects/naufal-tes-pbo/src/soalC/Mobil.java</file>
            <file>file:/C:/Users/naufa/Documents/NetBeansProjects/naufal-tes-pbo/src/SoalB/Plat.java</file>
            <file>file:/C:/Users/naufa/Documents/NetBeansProjects/naufal-tes-pbo/src/soalA/Banner.java</file>
        </group>
    </open-files>
</project-private>
